id,Имя пользователя,Адрес эл.почты,Возраст,Онлайн,Баланс,Создано,Дата рождения,Род деятельности
"16","Настя","koroleva@mail.ru",,"true",,"Fri Mar 06 2026 11:19:10 GMT+0300 (Москва, стандартное время)",,
"9","Боб","bob@mail.ru","52","true","9999.99","Sat Mar 07 2026 11:02:21 GMT+0300 (Москва, стандартное время)","Fri Dec 28 1973 00:00:00 GMT+0300 (Москва, стандартное время)","Дизайнер из Берлина"
"11","Денчик","btsFakeLove@mail.ru","54","true","9001.90","Sat Mar 07 2026 17:19:10 GMT+0300 (Москва, стандартное время)","Sun Apr 30 1972 00:00:00 GMT+0300 (Москва, стандартное время)","Продавец"
"12","Дима","mrBiznes@mail.ru","18","true","5000.00","Fri Mar 06 2026 11:05:01 GMT+0300 (Москва, стандартное время)","Mon Jan 23 2006 00:00:00 GMT+0300 (Москва, стандартное время)","Бизнесмен"
"17","Артем","fincheekPlayGame@mail.ru","32","false","1623.63","Fri Mar 06 2026 23:46:16 GMT+0300 (Москва, стандартное время)","Fri Dec 09 1994 00:00:00 GMT+0300 (Москва, стандартное время)","Блогер"
"14","Катя(─‿‿─)","katyushaMiMi@mail.ru","16","true","152.74","Tue Jan 06 2026 14:11:49 GMT+0300 (Москва, стандартное время)","Tue Mar 23 2010 00:00:00 GMT+0300 (Москва, стандартное время)","Бэкенд инженер"
"13","Андрей","andreyTheBest@mail.ru","66","false","0.00","Mon Feb 02 2026 11:05:01 GMT+0300 (Москва, стандартное время)","Thu Jul 07 1960 00:00:00 GMT+0300 (Москва, стандартное время)","Студент"
"15","noname","anonymousTorTelegram@tempMail.com",,"false","0.00","Fri Mar 06 2026 20:11:49 GMT+0300 (Москва, стандартное время)",,